"","full_name","team.name","season","is_home","mean_disposals","min_disposals","max_disposals","games_played"
"1","Aaron Cadman","GWS Giants",2023,"Away",4,4,4,1
"2","Aaron Cadman","GWS Giants",2023,"Home",5.5,5,6,2
"3","Aaron Francis","Sydney Swans",2023,"Away",7,7,7,1
"4","Aaron Francis","Sydney Swans",2023,"Home",7,7,7,1
"5","Aaron Hall","North Melbourne",2023,"Away",26,22,30,2
"6","Aaron Naughton","Western Bulldogs",2023,"Away",11.25,10,13,4
"7","Aaron Naughton","Western Bulldogs",2023,"Home",13,11,15,3
"8","Adam Cerra","Carlton",2023,"Away",24,18,30,5
"9","Adam Cerra","Carlton",2023,"Home",32.33,25,39,3
"10","Adam Kennedy","GWS Giants",2023,"Away",7.5,6,9,2
"11","Adam Kennedy","GWS Giants",2023,"Home",7,3,12,3
"12","Adam Saad","Carlton",2023,"Away",21.6,17,25,5
"13","Adam Saad","Carlton",2023,"Home",26,23,29,2
"14","Adam Tomlinson","Melbourne",2023,"Away",15,13,17,2
"15","Adam Tomlinson","Melbourne",2023,"Home",19,19,19,1
"16","Adam Treloar","Western Bulldogs",2023,"Away",31.75,25,35,4
"17","Adam Treloar","Western Bulldogs",2023,"Home",25.5,23,28,2
"18","Aidan Corr","North Melbourne",2023,"Away",14.6,6,22,5
"19","Aidan Corr","North Melbourne",2023,"Home",13,13,13,1
"20","Aiden Bonar","North Melbourne",2023,"Home",12,9,15,2
"21","Alex Cincotta","Carlton",2023,"Away",17,17,17,1
"22","Alex Cincotta","Carlton",2023,"Home",22,20,24,2
"23","Alex Davies","Gold Coast Suns",2023,"Away",10,10,10,1
"24","Alex Davies","Gold Coast Suns",2023,"Home",16,16,16,1
"25","Alex Keath","Western Bulldogs",2023,"Away",7,2,10,3
"26","Alex Keath","Western Bulldogs",2023,"Home",18.67,17,21,3
"27","Alex Neal-Bullen","Melbourne",2023,"Away",15,13,17,3
"28","Alex Neal-Bullen","Melbourne",2023,"Home",15.5,11,19,4
"29","Alex Pearce","Fremantle",2023,"Away",13.67,10,20,3
"30","Alex Pearce","Fremantle",2023,"Home",10.5,8,13,4
"31","Alex Sexton","Gold Coast Suns",2023,"Away",4.75,3,8,4
"32","Alex Sexton","Gold Coast Suns",2023,"Home",3,3,3,1
"33","Alex Witherden","West Coast Eagles",2023,"Away",13.4,0,23,5
"34","Alex Witherden","West Coast Eagles",2023,"Home",15,15,15,2
"35","Aliir Aliir","Port Adelaide",2023,"Away",12,9,16,3
"36","Aliir Aliir","Port Adelaide",2023,"Home",11.75,10,15,4
"37","Alwyn Davey Jnr","Essendon",2023,"Away",9,6,12,3
"38","Alwyn Davey Jnr","Essendon",2023,"Home",10,10,10,2
"39","Andrew Brayshaw","Fremantle",2023,"Away",29,26,31,3
"40","Andrew Brayshaw","Fremantle",2023,"Home",24.5,18,29,4
"41","Andrew Gaff","West Coast Eagles",2023,"Away",20.2,0,32,5
"42","Andrew Gaff","West Coast Eagles",2023,"Home",21,17,24,3
"43","Andrew McGrath","Essendon",2023,"Away",23,20,25,3
"44","Andrew McGrath","Essendon",2023,"Home",22.25,20,25,4
"45","Andrew Phillips","Essendon",2023,"Away",4,4,4,2
"46","Andrew Phillips","Essendon",2023,"Home",7,3,12,4
"47","Angus Brayshaw","Melbourne",2023,"Away",18.67,12,27,3
"48","Angus Brayshaw","Melbourne",2023,"Home",22.5,19,29,4
"49","Angus Sheldrick","Sydney Swans",2023,"Home",3,3,3,1
"50","Anthony Caminiti","St Kilda",2023,"Away",9,5,13,2
"51","Anthony Caminiti","St Kilda",2023,"Home",8.67,8,9,3
"52","Anthony McDonald-Tipungwuti","Essendon",2023,"Away",4,4,4,1
"53","Anthony McDonald-Tipungwuti","Essendon",2023,"Home",6,6,6,1
"54","Anthony Scott","Western Bulldogs",2023,"Away",11.25,8,13,4
"55","Anthony Scott","Western Bulldogs",2023,"Home",12.33,10,16,3
"56","Archie Perkins","Essendon",2023,"Away",15.67,13,20,3
"57","Archie Perkins","Essendon",2023,"Home",13.75,8,17,4
"58","Arthur Jones","Western Bulldogs",2023,"Away",7.67,5,9,3
"59","Arthur Jones","Western Bulldogs",2023,"Home",8.5,5,12,2
"60","Ash Johnson","Collingwood",2023,"Away",8,4,12,2
"61","Ash Johnson","Collingwood",2023,"Home",11.33,9,15,3
"62","Bailey Banfield","Fremantle",2023,"Away",8,3,13,3
"63","Bailey Banfield","Fremantle",2023,"Home",14.67,12,16,3
"64","Bailey Dale","Western Bulldogs",2023,"Away",20,15,30,4
"65","Bailey Dale","Western Bulldogs",2023,"Home",25.33,21,30,3
"66","Bailey Humphrey","Gold Coast Suns",2023,"Away",5.67,1,11,3
"67","Bailey Humphrey","Gold Coast Suns",2023,"Home",10,10,10,1
"68","Bailey J. Williams","West Coast Eagles",2023,"Away",10.8,0,21,5
"69","Bailey J. Williams","West Coast Eagles",2023,"Home",13.33,10,17,3
"70","Bailey Laurie","Melbourne",2023,"Home",4,4,4,2
"71","Bailey Scott","North Melbourne",2023,"Away",14.6,11,18,5
"72","Bailey Scott","North Melbourne",2023,"Home",19.5,17,22,2
"73","Bailey Smith","Western Bulldogs",2023,"Away",25.5,24,27,2
"74","Bailey Smith","Western Bulldogs",2023,"Home",23.67,19,28,3
"75","Bailey Williams","Western Bulldogs",2023,"Away",17,11,23,4
"76","Bailey Williams","Western Bulldogs",2023,"Home",17.33,11,24,3
"77","Bayley Fritsch","Melbourne",2023,"Away",13,9,17,3
"78","Bayley Fritsch","Melbourne",2023,"Home",10.67,8,13,3
"79","Beau McCreery","Collingwood",2023,"Away",15.33,12,20,3
"80","Beau McCreery","Collingwood",2023,"Home",11.25,5,15,4
"81","Ben Ainsworth","Gold Coast Suns",2023,"Away",15.5,11,19,4
"82","Ben Ainsworth","Gold Coast Suns",2023,"Home",18.67,16,24,3
"83","Ben Brown","Melbourne",2023,"Away",15,15,15,1
"84","Ben Brown","Melbourne",2023,"Home",8.5,2,15,2
"85","Ben Cunnington","North Melbourne",2023,"Away",24.2,21,27,5
"86","Ben Cunnington","North Melbourne",2023,"Home",13,10,16,2
"87","Ben Hobbs","Essendon",2023,"Away",6,6,6,1
"88","Ben Hobbs","Essendon",2023,"Home",17,17,17,1
"89","Ben Keays","Adelaide Crows",2023,"Away",17.33,12,21,3
"90","Ben Keays","Adelaide Crows",2023,"Home",17,12,21,4
"91","Ben King","Gold Coast Suns",2023,"Away",8,4,12,4
"92","Ben King","Gold Coast Suns",2023,"Home",7.33,5,10,3
"93","Ben Long","Gold Coast Suns",2023,"Away",11.25,9,15,4
"94","Ben Long","Gold Coast Suns",2023,"Home",14.67,12,19,3
"95","Ben McKay","North Melbourne",2023,"Away",9.33,9,10,3
"96","Ben Miller","Richmond",2023,"Away",6,6,6,1
"97","Ben Miller","Richmond",2023,"Home",6.5,0,15,4
"98","Ben Paton","St Kilda",2023,"Away",17,13,21,3
"99","Ben Paton","St Kilda",2023,"Home",11,6,18,4
"100","Billy Frampton","Collingwood",2023,"Away",8,8,8,2
"101","Billy Frampton","Collingwood",2023,"Home",11.5,9,15,4
"102","Blake Acres","Carlton",2023,"Away",23.5,16,34,4
"103","Blake Acres","Carlton",2023,"Home",30.33,26,36,3
"104","Blake Hardwick","Hawthorn",2023,"Away",16.5,10,27,4
"105","Blake Hardwick","Hawthorn",2023,"Home",20.67,17,23,3
"106","Bobby Hill","Collingwood",2023,"Away",9.67,9,10,3
"107","Bobby Hill","Collingwood",2023,"Home",10,7,12,4
"108","Bodhi Uwland","Gold Coast Suns",2023,"Away",5,5,5,1
"109","Bodhi Uwland","Gold Coast Suns",2023,"Home",20,20,20,1
"110","Brad Close","Geelong Cats",2023,"Away",11.67,8,15,3
"111","Brad Close","Geelong Cats",2023,"Home",14.5,10,17,4
"112","Brad Crouch","St Kilda",2023,"Away",25.67,18,33,3
"113","Brad Crouch","St Kilda",2023,"Home",30,24,34,4
"114","Bradley Hill","St Kilda",2023,"Away",20.67,19,22,3
"115","Bradley Hill","St Kilda",2023,"Home",21,18,23,4
"116","Brady Hough","West Coast Eagles",2023,"Away",11,11,11,1
"117","Brady Hough","West Coast Eagles",2023,"Home",7,7,7,1
"118","Braeden Campbell","Sydney Swans",2023,"Away",16.5,12,20,4
"119","Braeden Campbell","Sydney Swans",2023,"Home",15,14,16,3
"120","Brandan Parfitt","Geelong Cats",2023,"Home",9,5,13,2
"121","Brandon Ellis","Gold Coast Suns",2023,"Away",20.5,16,25,2
"122","Brandon Ellis","Gold Coast Suns",2023,"Home",21,21,21,1
"123","Brandon Starcevich","Brisbane Lions",2023,"Away",10.5,4,20,4
"124","Brandon Starcevich","Brisbane Lions",2023,"Home",13,8,16,4
"125","Brandon Walker","Fremantle",2023,"Away",13,12,14,2
"126","Brandon Walker","Fremantle",2023,"Home",12,8,16,2
"127","Brandon Zerk-Thatcher","Essendon",2023,"Away",12.5,6,19,2
"128","Brandon Zerk-Thatcher","Essendon",2023,"Home",9.25,8,11,4
"129","Brayden Fiorini","Gold Coast Suns",2023,"Away",14,8,20,3
"130","Brayden Fiorini","Gold Coast Suns",2023,"Home",15,9,21,2
"131","Brayden Maynard","Collingwood",2023,"Away",21.67,19,25,3
"132","Brayden Maynard","Collingwood",2023,"Home",17.25,9,21,4
"133","Brennan Cox","Fremantle",2023,"Away",22.33,14,30,3
"134","Brennan Cox","Fremantle",2023,"Home",14,8,20,4
"135","Brent Daniels","GWS Giants",2023,"Away",16,13,22,3
"136","Brent Daniels","GWS Giants",2023,"Home",14.67,9,20,3
"137","Brodie Grundy","Melbourne",2023,"Away",17.33,12,22,3
"138","Brodie Grundy","Melbourne",2023,"Home",17.75,15,21,4
"139","Brodie Kemp","Carlton",2023,"Away",22,22,22,1
"140","Brodie Kemp","Carlton",2023,"Home",14,14,14,1
"141","Brodie Smith","Adelaide Crows",2023,"Away",16.67,15,19,3
"142","Brodie Smith","Adelaide Crows",2023,"Home",21,19,24,4
"143","Brody Mihocek","Collingwood",2023,"Away",9.67,7,13,3
"144","Brody Mihocek","Collingwood",2023,"Home",11,6,17,4
"145","Brynn Teakle","Port Adelaide",2023,"Away",8,8,8,1
"146","Brynn Teakle","Port Adelaide",2023,"Home",14,14,14,1
"147","Caleb Daniel","Western Bulldogs",2023,"Away",23.5,19,29,4
"148","Caleb Daniel","Western Bulldogs",2023,"Home",23,19,27,3
"149","Caleb Serong","Fremantle",2023,"Away",28,27,29,3
"150","Caleb Serong","Fremantle",2023,"Home",34.5,31,37,4
"151","Callan Ward","GWS Giants",2023,"Away",22,22,22,2
"152","Callan Ward","GWS Giants",2023,"Home",19.5,11,31,4
"153","Callum Coleman-Jones","North Melbourne",2023,"Away",3,3,3,1
"154","Callum Jamieson","West Coast Eagles",2023,"Away",3,3,3,1
"155","Callum M. Brown","GWS Giants",2023,"Away",13,13,13,1
"156","Callum Mills","Sydney Swans",2023,"Away",19.75,14,25,4
"157","Callum Mills","Sydney Swans",2023,"Home",24,21,28,3
"158","Callum Wilkie","St Kilda",2023,"Away",16.33,8,24,3
"159","Callum Wilkie","St Kilda",2023,"Home",22.25,19,24,4
"160","Cam Mackenzie","Hawthorn",2023,"Away",11,5,16,3
"161","Cam Mackenzie","Hawthorn",2023,"Home",17.67,15,20,3
"162","Cam Rayner","Brisbane Lions",2023,"Away",13.25,9,15,4
"163","Cam Rayner","Brisbane Lions",2023,"Home",15.25,12,17,4
"164","Cameron Guthrie","Geelong Cats",2023,"Away",26.5,25,28,2
"165","Cameron Guthrie","Geelong Cats",2023,"Home",20.25,15,24,4
"166","Cameron Zurhaar","North Melbourne",2023,"Away",17,9,26,5
"167","Cameron Zurhaar","North Melbourne",2023,"Home",15.5,14,17,2
"168","Campbell Chesser","West Coast Eagles",2023,"Away",8.5,5,12,2
"169","Campbell Chesser","West Coast Eagles",2023,"Home",6,6,6,1
"170","Chad Warner","Sydney Swans",2023,"Away",23.5,19,30,4
"171","Chad Warner","Sydney Swans",2023,"Home",24.67,15,30,3
"172","Chad Wingard","Hawthorn",2023,"Away",9.33,3,17,3
"173","Chad Wingard","Hawthorn",2023,"Home",14.5,13,16,2
"174","Changkuoth Jiath","Hawthorn",2023,"Away",14.75,11,17,4
"175","Changkuoth Jiath","Hawthorn",2023,"Home",20.33,19,21,3
"176","Charlie Ballard","Gold Coast Suns",2023,"Away",13.25,6,24,4
"177","Charlie Ballard","Gold Coast Suns",2023,"Home",14.67,13,17,3
"178","Charlie Cameron","Brisbane Lions",2023,"Away",10.25,6,15,4
"179","Charlie Cameron","Brisbane Lions",2023,"Home",13,12,14,4
"180","Charlie Comben","North Melbourne",2023,"Away",7.4,1,11,5
"181","Charlie Comben","North Melbourne",2023,"Home",9,5,13,2
"182","Charlie Constable","Gold Coast Suns",2023,"Away",19,19,19,1
"183","Charlie Constable","Gold Coast Suns",2023,"Home",26,26,26,1
"184","Charlie Curnow","Carlton",2023,"Away",14,9,18,5
"185","Charlie Curnow","Carlton",2023,"Home",12,10,15,3
"186","Charlie Dixon","Port Adelaide",2023,"Away",12.67,9,15,3
"187","Charlie Dixon","Port Adelaide",2023,"Home",13.33,11,15,3
"188","Charlie Spargo","Melbourne",2023,"Away",7.67,1,13,3
"189","Charlie Spargo","Melbourne",2023,"Home",10.5,6,15,2
"190","Chayce Jones","Adelaide Crows",2023,"Away",9,9,9,2
"191","Chayce Jones","Adelaide Crows",2023,"Home",23,20,28,3
"192","Christian Petracca","Melbourne",2023,"Away",26.67,24,29,3
"193","Christian Petracca","Melbourne",2023,"Home",31,26,35,4
"194","Clayton Oliver","Melbourne",2023,"Away",37.33,34,41,3
"195","Clayton Oliver","Melbourne",2023,"Home",31.5,25,37,4
"196","Cody Weightman","Western Bulldogs",2023,"Away",9,7,11,2
"197","Cody Weightman","Western Bulldogs",2023,"Home",3,3,3,1
"198","Connor Idun","GWS Giants",2023,"Away",14,12,15,3
"199","Connor Idun","GWS Giants",2023,"Home",18.75,14,23,4
"200","Connor Macdonald","Hawthorn",2023,"Away",14.67,12,17,3
"201","Connor Macdonald","Hawthorn",2023,"Home",17,15,20,3
"202","Connor Rozee","Port Adelaide",2023,"Away",19.33,19,20,3
"203","Connor Rozee","Port Adelaide",2023,"Home",26.5,23,29,4
"204","Connor West","West Coast Eagles",2023,"Away",6,0,14,3
"205","Connor West","West Coast Eagles",2023,"Home",12,11,13,2
"206","Conor McKenna","Brisbane Lions",2023,"Away",17,14,20,4
"207","Conor McKenna","Brisbane Lions",2023,"Home",15.75,14,19,4
"208","Conor Nash","Hawthorn",2023,"Away",21.5,10,31,4
"209","Conor Nash","Hawthorn",2023,"Home",21.33,12,28,3
"210","Conor Stone","GWS Giants",2023,"Away",3.5,2,5,2
"211","Conor Stone","GWS Giants",2023,"Home",4,4,4,1
"212","Cooper Hamilton","GWS Giants",2023,"Away",14.5,10,19,2
"213","Cooper Hamilton","GWS Giants",2023,"Home",14,12,16,2
"214","Cooper Whyte","Geelong Cats",2023,"Away",1,1,1,1
"215","Corey Durdin","Carlton",2023,"Away",9.25,8,11,4
"216","Corey Durdin","Carlton",2023,"Home",7.67,7,8,3
"217","Corey Wagner","Fremantle",2023,"Home",15,12,18,2
"218","Corey Warner","Sydney Swans",2023,"Away",8,8,8,1
"219","Curtis Taylor","North Melbourne",2023,"Away",13.6,11,17,5
"220","Curtis Taylor","North Melbourne",2023,"Home",17.5,17,18,2
"221","Dan Butler","St Kilda",2023,"Away",11,8,13,3
"222","Dan Butler","St Kilda",2023,"Home",10.75,6,16,4
"223","Dan Houston","Port Adelaide",2023,"Away",18,16,22,3
"224","Dan Houston","Port Adelaide",2023,"Home",21,19,22,4
"225","Dane Rampe","Sydney Swans",2023,"Away",21,17,25,2
"226","Dane Rampe","Sydney Swans",2023,"Home",17,15,19,2
"227","Daniel Howe","North Melbourne",2023,"Away",14.8,8,23,5
"228","Daniel Howe","North Melbourne",2023,"Home",18,18,18,1
"229","Daniel Lloyd","GWS Giants",2023,"Away",13,13,13,2
"230","Daniel Lloyd","GWS Giants",2023,"Home",11.67,10,15,3
"231","Daniel McStay","Collingwood",2023,"Away",8,6,10,2
"232","Daniel McStay","Collingwood",2023,"Home",9,1,16,3
"233","Daniel Rich","Brisbane Lions",2023,"Away",26.5,26,27,2
"234","Daniel Rich","Brisbane Lions",2023,"Home",15.67,13,20,3
"235","Daniel Rioli","Richmond",2023,"Away",23,21,25,3
"236","Daniel Rioli","Richmond",2023,"Home",19.8,0,29,5
"237","Darcy Byrne-Jones","Port Adelaide",2023,"Away",12.33,5,16,3
"238","Darcy Byrne-Jones","Port Adelaide",2023,"Home",17.5,11,27,4
"239","Darcy Cameron","Collingwood",2023,"Away",11,11,11,1
"240","Darcy Cameron","Collingwood",2023,"Home",14,10,18,2
"241","Darcy Fogarty","Adelaide Crows",2023,"Away",12.5,11,14,2
"242","Darcy Fogarty","Adelaide Crows",2023,"Home",12.67,10,16,3
"243","Darcy Fort","Brisbane Lions",2023,"Away",9,9,9,1
"244","Darcy Fort","Brisbane Lions",2023,"Home",12.5,12,13,2
"245","Darcy Macpherson","Gold Coast Suns",2023,"Away",22.75,17,31,4
"246","Darcy Macpherson","Gold Coast Suns",2023,"Home",23.33,22,24,3
"247","Darcy Moore","Collingwood",2023,"Away",16.33,13,23,3
"248","Darcy Moore","Collingwood",2023,"Home",14.25,7,18,4
"249","Darcy Parish","Essendon",2023,"Away",33,27,37,3
"250","Darcy Parish","Essendon",2023,"Home",33,30,38,4
"251","Darcy Tucker","North Melbourne",2023,"Away",14,6,17,4
"252","Darcy Tucker","North Melbourne",2023,"Home",24,24,24,1
"253","Darcy Wilmot","Brisbane Lions",2023,"Away",10.5,8,15,4
"254","Darcy Wilmot","Brisbane Lions",2023,"Home",11.5,8,15,4
"255","Darragh Joyce","Brisbane Lions",2023,"Away",7.5,7,8,2
"256","Darragh Joyce","Brisbane Lions",2023,"Home",9.33,6,13,3
"257","David Swallow","Gold Coast Suns",2023,"Away",17,14,20,4
"258","David Swallow","Gold Coast Suns",2023,"Home",17,15,20,3
"259","Dayne Zorko","Brisbane Lions",2023,"Away",18,17,19,2
"260","Dayne Zorko","Brisbane Lions",2023,"Home",19.75,16,22,4
"261","Denver Grainger-Barras","Hawthorn",2023,"Away",9,9,9,1
"262","Denver Grainger-Barras","Hawthorn",2023,"Home",3,3,3,1
"263","Deven Robertson","Brisbane Lions",2023,"Away",6,6,6,1
"264","Deven Robertson","Brisbane Lions",2023,"Home",1,1,1,2
"265","Dion Prestia","Richmond",2023,"Away",20.33,20,21,3
"266","Dion Prestia","Richmond",2023,"Home",16.25,0,23,4
"267","Dom Sheed","West Coast Eagles",2023,"Away",15.67,0,25,3
"268","Dom Sheed","West Coast Eagles",2023,"Home",26,26,26,1
"269","Dougal Howard","St Kilda",2023,"Away",13.33,11,17,3
"270","Dougal Howard","St Kilda",2023,"Home",13.5,10,18,4
"271","Dustin Martin","Richmond",2023,"Away",19.5,14,25,2
"272","Dustin Martin","Richmond",2023,"Home",16.4,0,23,5
"273","Dylan Grimes","Richmond",2023,"Away",9,8,11,3
"274","Dylan Grimes","Richmond",2023,"Home",7.4,0,12,5
"275","Dylan Moore","Hawthorn",2023,"Away",19.5,15,23,4
"276","Dylan Moore","Hawthorn",2023,"Home",21.67,19,26,3
"277","Dylan Shiel","Essendon",2023,"Away",21.33,19,23,3
"278","Dylan Shiel","Essendon",2023,"Home",26.25,22,28,4
"279","Dylan Stephens","Sydney Swans",2023,"Away",14.75,7,27,4
"280","Dylan Stephens","Sydney Swans",2023,"Home",15.67,14,18,3
"281","Dylan Williams","Port Adelaide",2023,"Away",16.5,16,17,2
"282","Dylan Williams","Port Adelaide",2023,"Home",9.5,9,10,2
"283","Dyson Heppell","Essendon",2023,"Away",16.33,16,17,3
"284","Dyson Heppell","Essendon",2023,"Home",16.33,14,19,3
"285","Ed Curnow","Carlton",2023,"Away",16.6,13,23,5
"286","Ed Curnow","Carlton",2023,"Home",16,5,26,3
"287","Ed Langdon","Melbourne",2023,"Away",21.33,18,24,3
"288","Ed Langdon","Melbourne",2023,"Home",19.5,14,24,4
"289","Ed Richards","Western Bulldogs",2023,"Away",21,16,27,4
"290","Ed Richards","Western Bulldogs",2023,"Home",21,19,25,3
"291","Elijah Hewett","West Coast Eagles",2023,"Away",14,14,14,1
"292","Elijah Hewett","West Coast Eagles",2023,"Home",5.5,3,8,2
"293","Elijah Hollands","Gold Coast Suns",2023,"Away",12.5,10,15,2
"294","Elijah Hollands","Gold Coast Suns",2023,"Home",13.5,12,15,2
"295","Elliot Yeo","West Coast Eagles",2023,"Away",12,12,12,1
"296","Elliot Yeo","West Coast Eagles",2023,"Home",12,12,12,1
"297","Elliott Himmelberg","Adelaide Crows",2023,"Away",12,12,12,1
"298","Elliott Himmelberg","Adelaide Crows",2023,"Home",9,9,9,1
"299","Eric Hipwood","Brisbane Lions",2023,"Away",7.75,4,14,4
"300","Eric Hipwood","Brisbane Lions",2023,"Home",9.5,7,15,4
"301","Errol Gulden","Sydney Swans",2023,"Away",20,15,25,4
"302","Errol Gulden","Sydney Swans",2023,"Home",25,20,28,3
"303","Esava Ratugolea","Geelong Cats",2023,"Away",7.33,5,11,3
"304","Esava Ratugolea","Geelong Cats",2023,"Home",11,6,14,4
"305","Ethan Hughes","Fremantle",2023,"Away",17,16,19,3
"306","Ethan Hughes","Fremantle",2023,"Home",12,10,16,4
"307","Fergus Greene","Hawthorn",2023,"Away",8.25,6,10,4
"308","Fergus Greene","Hawthorn",2023,"Home",8.67,6,10,3
"309","Finn Callaghan","GWS Giants",2023,"Away",23.33,19,26,3
"310","Finn Callaghan","GWS Giants",2023,"Home",18.75,13,25,4
"311","Finn Maginness","Hawthorn",2023,"Away",10,10,10,2
"312","Finn Maginness","Hawthorn",2023,"Home",11.5,11,12,2
"313","Francis Evans","Port Adelaide",2023,"Home",2,2,2,1
"314","Gary Rohan","Geelong Cats",2023,"Away",6,5,7,3
"315","Gary Rohan","Geelong Cats",2023,"Home",9.33,8,11,3
"316","George Hewett","Carlton",2023,"Away",22.2,15,32,5
"317","George Hewett","Carlton",2023,"Home",27.5,26,29,2
"318","Greg Clark","West Coast Eagles",2023,"Away",12.33,0,19,3
"319","Greg Clark","West Coast Eagles",2023,"Home",13.5,12,15,2
"320","Griffin Logue","North Melbourne",2023,"Away",14,11,17,5
"321","Griffin Logue","North Melbourne",2023,"Home",10,10,10,1
"322","Gryan Miers","Geelong Cats",2023,"Away",19.33,16,24,3
"323","Gryan Miers","Geelong Cats",2023,"Home",19.5,17,25,4
"324","Harris Andrews","Brisbane Lions",2023,"Away",13.5,9,21,4
"325","Harris Andrews","Brisbane Lions",2023,"Home",17.75,14,22,4
"326","Harrison Jones","Essendon",2023,"Away",11.5,11,12,2
"327","Harrison Jones","Essendon",2023,"Home",7.33,5,10,3
"328","Harrison Petty","Melbourne",2023,"Away",11.67,8,17,3
"329","Harrison Petty","Melbourne",2023,"Home",11.67,8,14,3
"330","Harry Cunningham","Sydney Swans",2023,"Away",10.25,7,13,4
"331","Harry Cunningham","Sydney Swans",2023,"Home",8.67,3,14,3
"332","Harry Himmelberg","GWS Giants",2023,"Away",9.33,5,15,3
"333","Harry Himmelberg","GWS Giants",2023,"Home",12.75,7,20,4
"334","Harry McKay","Carlton",2023,"Away",11.8,7,16,5
"335","Harry McKay","Carlton",2023,"Home",11,6,17,3
"336","Harry Morrison","Hawthorn",2023,"Away",17.67,17,18,3
"337","Harry Morrison","Hawthorn",2023,"Home",21,18,24,2
"338","Harry Perryman","GWS Giants",2023,"Away",21,21,21,1
"339","Harry Perryman","GWS Giants",2023,"Home",12.5,1,24,2
"340","Harry Rowston","GWS Giants",2023,"Away",6.67,6,7,3
"341","Harry Rowston","GWS Giants",2023,"Home",9,6,14,3
"342","Harry Schoenberg","Adelaide Crows",2023,"Away",16,16,16,1
"343","Harry Schoenberg","Adelaide Crows",2023,"Home",7.67,5,13,3
"344","Harry Sharp","Brisbane Lions",2023,"Away",13,13,13,1
"345","Harry Sheezel","North Melbourne",2023,"Away",25.6,11,31,5
"346","Harry Sheezel","North Melbourne",2023,"Home",35.5,34,37,2
"347","Hayden Crozier","Western Bulldogs",2023,"Away",5,5,5,1
"348","Hayden Crozier","Western Bulldogs",2023,"Home",16,10,22,2
"349","Hayden McLean","Sydney Swans",2023,"Away",11.33,10,13,3
"350","Hayden McLean","Sydney Swans",2023,"Home",7,6,8,2
"351","Hayden Young","Fremantle",2023,"Away",26.67,17,33,3
"352","Hayden Young","Fremantle",2023,"Home",18.25,14,23,4
"353","Heath Chapman","Fremantle",2023,"Away",22,22,22,1
"354","Heath Chapman","Fremantle",2023,"Home",11.5,6,17,2
"355","Hewago Oea","Gold Coast Suns",2023,"Away",11,11,11,1
"356","Hewago Oea","Gold Coast Suns",2023,"Home",10,10,10,1
"357","Hugh Greenwood","North Melbourne",2023,"Away",11.33,10,14,3
"358","Hugh Greenwood","North Melbourne",2023,"Home",13,11,15,2
"359","Hugh McCluggage","Brisbane Lions",2023,"Away",20,13,27,4
"360","Hugh McCluggage","Brisbane Lions",2023,"Home",21.25,21,22,4
"361","Hugo Ralphsmith","Richmond",2023,"Away",8,4,12,2
"362","Hugo Ralphsmith","Richmond",2023,"Home",12.33,0,19,3
"363","Hunter Clark","St Kilda",2023,"Away",24,20,26,3
"364","Hunter Clark","St Kilda",2023,"Home",22.25,18,27,4
"365","Isaac Cumming","GWS Giants",2023,"Away",20.67,17,23,3
"366","Isaac Cumming","GWS Giants",2023,"Home",21.25,17,25,4
"367","Isaac Heeney","Sydney Swans",2023,"Away",14,10,20,4
"368","Isaac Heeney","Sydney Swans",2023,"Home",15.67,13,19,3
"369","Isaac Quaynor","Collingwood",2023,"Away",13.67,8,20,3
"370","Isaac Quaynor","Collingwood",2023,"Home",14.25,11,16,4
"371","Isaac Smith","Geelong Cats",2023,"Away",21.67,19,23,3
"372","Isaac Smith","Geelong Cats",2023,"Home",22.5,19,27,4
"373","Ivan Soldo","Richmond",2023,"Home",11,11,11,1
"374","Izak Rankine","Adelaide Crows",2023,"Away",16.33,14,18,3
"375","Izak Rankine","Adelaide Crows",2023,"Home",13.5,12,15,4
"376","Jack Bowes","Geelong Cats",2023,"Away",12,3,20,3
"377","Jack Bowes","Geelong Cats",2023,"Home",18.33,14,22,3
"378","Jack Buckley","GWS Giants",2023,"Away",17.33,14,21,3
"379","Jack Buckley","GWS Giants",2023,"Home",14.75,11,20,4
"380","Jack Bytel","St Kilda",2023,"Away",6,6,6,1
"381","Jack Bytel","St Kilda",2023,"Home",9.5,3,16,2
"382","Jack Carroll","Carlton",2023,"Away",4,4,4,1
"383","Jack Crisp","Collingwood",2023,"Away",18.67,15,22,3
"384","Jack Crisp","Collingwood",2023,"Home",23.75,22,26,4
"385","Jack Darling","West Coast Eagles",2023,"Away",8.6,0,14,5
"386","Jack Darling","West Coast Eagles",2023,"Home",10,8,12,3
"387","Jack Ginnivan","Collingwood",2023,"Away",10,10,10,1
"388","Jack Ginnivan","Collingwood",2023,"Home",12.5,12,13,2
"389","Jack Graham","Richmond",2023,"Away",14.5,14,15,2
"390","Jack Graham","Richmond",2023,"Home",10,0,20,3
"391","Jack Gunston","Brisbane Lions",2023,"Away",11.5,9,15,4
"392","Jack Gunston","Brisbane Lions",2023,"Home",8.67,6,13,3
"393","Jack Higgins","St Kilda",2023,"Away",11,8,14,3
"394","Jack Higgins","St Kilda",2023,"Home",15.75,9,22,4
"395","Jack Lukosius","Gold Coast Suns",2023,"Away",14.75,11,19,4
"396","Jack Lukosius","Gold Coast Suns",2023,"Home",14.67,11,20,3
"397","Jack Macrae","Western Bulldogs",2023,"Away",26.75,21,33,4
"398","Jack Macrae","Western Bulldogs",2023,"Home",27,25,30,3
"399","Jack Martin","Carlton",2023,"Away",6,6,6,1
"400","Jack Payne","Brisbane Lions",2023,"Away",10.25,4,13,4
"401","Jack Payne","Brisbane Lions",2023,"Home",10.75,7,14,4
"402","Jack Petruccelle","West Coast Eagles",2023,"Away",6.25,0,14,4
"403","Jack Petruccelle","West Coast Eagles",2023,"Home",10,10,10,1
"404","Jack Riewoldt","Richmond",2023,"Away",8.67,6,11,3
"405","Jack Riewoldt","Richmond",2023,"Home",6,0,12,4
"406","Jack Ross","Richmond",2023,"Away",23,23,23,1
"407","Jack Ross","Richmond",2023,"Home",7,0,17,3
"408","Jack Scrimshaw","Hawthorn",2023,"Away",9,8,10,2
"409","Jack Scrimshaw","Hawthorn",2023,"Home",16,7,25,2
"410","Jack Silvagni","Carlton",2023,"Away",15,5,19,5
"411","Jack Silvagni","Carlton",2023,"Home",13,13,13,3
"412","Jack Sinclair","St Kilda",2023,"Away",29,27,33,3
"413","Jack Sinclair","St Kilda",2023,"Home",29,26,33,4
"414","Jack Steele","St Kilda",2023,"Away",24,19,29,2
"415","Jack Steele","St Kilda",2023,"Home",28,28,28,2
"416","Jack Viney","Melbourne",2023,"Away",23,19,28,3
"417","Jack Viney","Melbourne",2023,"Home",23.67,19,30,3
"418","Jack Ziebell","North Melbourne",2023,"Away",22.4,19,26,5
"419","Jack Ziebell","North Melbourne",2023,"Home",27.5,26,29,2
"420","Jackson Mead","Port Adelaide",2023,"Away",9,9,9,1
"421","Jackson Mead","Port Adelaide",2023,"Home",8,8,8,1
"422","Jacob Hopper","Richmond",2023,"Away",23,23,23,2
"423","Jacob Hopper","Richmond",2023,"Home",19,0,32,5
"424","Jacob Koschitzke","Hawthorn",2023,"Away",11,11,11,1
"425","Jacob Koschitzke","Hawthorn",2023,"Home",4,4,4,1
"426","Jacob Wehr","GWS Giants",2023,"Away",3,3,3,1
"427","Jacob Wehr","GWS Giants",2023,"Home",12,12,12,1
"428","Jacob Weitering","Carlton",2023,"Away",16,11,20,5
"429","Jacob Weitering","Carlton",2023,"Home",15.33,12,22,3
"430","Jacob van Rooyen","Melbourne",2023,"Away",8,7,9,2
"431","Jacob van Rooyen","Melbourne",2023,"Home",7.33,5,9,3
"432","Jade Gresham","St Kilda",2023,"Away",15,7,20,3
"433","Jade Gresham","St Kilda",2023,"Home",19.75,17,23,4
"434","Jaeger O'Meara","Fremantle",2023,"Away",18.67,18,19,3
"435","Jaeger O'Meara","Fremantle",2023,"Home",18.25,17,21,4
"436","Jai Culley","West Coast Eagles",2023,"Away",8,0,14,3
"437","Jai Culley","West Coast Eagles",2023,"Home",8.5,5,12,2
"438","Jai Newcombe","Hawthorn",2023,"Away",23.75,15,31,4
"439","Jai Newcombe","Hawthorn",2023,"Home",22.33,19,26,3
"440","Jaidyn Stephenson","North Melbourne",2023,"Away",11,9,13,5
"441","Jaidyn Stephenson","North Melbourne",2023,"Home",11,8,14,2
"442","Jake Bowey","Melbourne",2023,"Away",18.33,15,22,3
"443","Jake Bowey","Melbourne",2023,"Home",16,13,18,4
"444","Jake Kelly","Essendon",2023,"Away",18.67,11,29,3
"445","Jake Kelly","Essendon",2023,"Home",11.75,8,17,4
"446","Jake Kolodjashnij","Geelong Cats",2023,"Away",9,9,9,1
"447","Jake Kolodjashnij","Geelong Cats",2023,"Home",15.33,14,17,3
"448","Jake Lever","Melbourne",2023,"Away",18,16,20,2
"449","Jake Lever","Melbourne",2023,"Home",16.5,11,21,4
"450","Jake Lloyd","Sydney Swans",2023,"Away",23.25,19,28,4
"451","Jake Lloyd","Sydney Swans",2023,"Home",24.33,24,25,3
"452","Jake Melksham","Melbourne",2023,"Away",7,4,10,2
"453","Jake Melksham","Melbourne",2023,"Home",3.5,2,5,2
"454","Jake Riccardi","GWS Giants",2023,"Away",11.5,11,12,2
"455","Jake Riccardi","GWS Giants",2023,"Home",9.5,9,10,2
"456","Jake Soligo","Adelaide Crows",2023,"Away",18,13,25,3
"457","Jake Soligo","Adelaide Crows",2023,"Home",16.75,4,24,4
"458","Jake Stringer","Essendon",2023,"Away",9.5,8,11,2
"459","Jake Stringer","Essendon",2023,"Home",16.67,9,26,3
"460","Jake Waterman","West Coast Eagles",2023,"Away",13.75,0,23,4
"461","Jake Waterman","West Coast Eagles",2023,"Home",13,10,16,3
"462","Jamaine Jones","West Coast Eagles",2023,"Away",15,0,25,5
"463","Jamaine Jones","West Coast Eagles",2023,"Home",21.33,15,27,3
"464","Jamarra Ugle-Hagan","Western Bulldogs",2023,"Away",11,7,16,4
"465","Jamarra Ugle-Hagan","Western Bulldogs",2023,"Home",9,8,10,3
"466","James Aish","Fremantle",2023,"Away",17.67,17,18,3
"467","James Aish","Fremantle",2023,"Home",21.75,11,31,4
"468","James Blanck","Hawthorn",2023,"Away",6,6,6,1
"469","James Blanck","Hawthorn",2023,"Home",7,7,7,1
"470","James Harmes","Melbourne",2023,"Away",10,10,10,1
"471","James Harmes","Melbourne",2023,"Home",9,3,15,2
"472","James Jordon","Melbourne",2023,"Away",7,6,8,2
"473","James Jordon","Melbourne",2023,"Home",20,17,22,3
"474","James Peatling","GWS Giants",2023,"Away",12.5,9,16,2
"475","James Peatling","GWS Giants",2023,"Home",9,7,14,4
"476","James Rowbottom","Sydney Swans",2023,"Away",14.75,12,17,4
"477","James Rowbottom","Sydney Swans",2023,"Home",14.33,12,17,3
"478","James Sicily","Hawthorn",2023,"Away",21.25,14,26,4
"479","James Sicily","Hawthorn",2023,"Home",28.33,27,30,3
"480","James Tunstill","Brisbane Lions",2023,"Away",7,7,7,1
"481","James Worpel","Hawthorn",2023,"Away",25,18,35,4
"482","James Worpel","Hawthorn",2023,"Home",21.67,15,29,3
"483","Jamie Cripps","West Coast Eagles",2023,"Away",9,6,12,2
"484","Jamie Cripps","West Coast Eagles",2023,"Home",17,17,17,1
"485","Jamie Elliott","Collingwood",2023,"Away",12.33,11,13,3
"486","Jamie Elliott","Collingwood",2023,"Home",12.75,11,17,4
"487","Jarman Impey","Hawthorn",2023,"Away",20.75,14,24,4
"488","Jarman Impey","Hawthorn",2023,"Home",19,17,22,3
"489","Jarrod Berry","Brisbane Lions",2023,"Away",18.5,12,29,4
"490","Jarrod Berry","Brisbane Lions",2023,"Home",17.25,15,21,4
"491","Jarrod Witts","Gold Coast Suns",2023,"Away",14,12,16,2
"492","Jarrod Witts","Gold Coast Suns",2023,"Home",18.33,13,25,3
"493","Jarryd Lyons","Brisbane Lions",2023,"Away",4.5,2,7,2
"494","Jarryd Lyons","Brisbane Lions",2023,"Home",7,7,7,1
"495","Jase Burgoyne","Port Adelaide",2023,"Away",6.5,5,8,2
"496","Jason Horne-Francis","Port Adelaide",2023,"Away",19.33,15,25,3
"497","Jason Horne-Francis","Port Adelaide",2023,"Home",18.25,13,25,4
"498","Jason Johannisen","Western Bulldogs",2023,"Away",19.25,6,28,4
"499","Jason Johannisen","Western Bulldogs",2023,"Home",19.5,15,24,2
"500","Jaxon Prior","Brisbane Lions",2023,"Away",2,2,2,1
"501","Jaxon Prior","Brisbane Lions",2023,"Home",12,12,12,1
"502","Jayden Hunt","West Coast Eagles",2023,"Away",14,0,22,5
"503","Jayden Hunt","West Coast Eagles",2023,"Home",21.67,20,23,3
"504","Jayden Laverde","Essendon",2023,"Away",15.33,8,22,3
"505","Jayden Laverde","Essendon",2023,"Home",15,11,20,3
"506","Jayden Short","Richmond",2023,"Away",25,20,30,2
"507","Jayden Short","Richmond",2023,"Home",16.33,0,32,3
"508","Jed Bews","Geelong Cats",2023,"Away",11.67,10,13,3
"509","Jed Bews","Geelong Cats",2023,"Home",6.5,2,11,2
"510","Jed McEntee","Port Adelaide",2023,"Away",11,11,11,2
"511","Jed McEntee","Port Adelaide",2023,"Home",9,7,11,2
"512","Jeremy Cameron","Geelong Cats",2023,"Away",20,15,25,3
"513","Jeremy Cameron","Geelong Cats",2023,"Home",18.25,16,22,4
"514","Jeremy Finlayson","Port Adelaide",2023,"Away",17,16,18,2
"515","Jeremy Finlayson","Port Adelaide",2023,"Home",11,9,14,3
"516","Jeremy Howe","Collingwood",2023,"Away",8,8,8,1
"517","Jeremy McGovern","West Coast Eagles",2023,"Away",16,10,22,2
"518","Jeremy McGovern","West Coast Eagles",2023,"Home",21,21,21,1
"519","Jesse Hogan","GWS Giants",2023,"Away",13,9,15,3
"520","Jesse Hogan","GWS Giants",2023,"Home",12,9,16,4
"521","Jesse Motlop","Carlton",2023,"Away",11.75,7,17,4
"522","Jesse Motlop","Carlton",2023,"Home",7.67,5,12,3
"523","Jimmy Webster","St Kilda",2023,"Home",15,14,16,2
"524","Joe Daniher","Brisbane Lions",2023,"Away",12,7,16,4
"525","Joe Daniher","Brisbane Lions",2023,"Home",16,12,20,4
"526","Joel Amartey","Sydney Swans",2023,"Away",10,4,16,2
"527","Joel Amartey","Sydney Swans",2023,"Home",8,5,11,2
"528","Joel Jeffrey","Gold Coast Suns",2023,"Away",8,5,11,2
"529","Joel Jeffrey","Gold Coast Suns",2023,"Home",8,7,9,2
"530","John Noble","Collingwood",2023,"Away",23.67,19,29,3
"531","John Noble","Collingwood",2023,"Home",20.25,16,24,4
"532","Jonathon Ceglar","Geelong Cats",2023,"Away",14,14,14,1
"533","Jordan Clark","Fremantle",2023,"Away",22,18,28,3
"534","Jordan Clark","Fremantle",2023,"Home",17.5,15,20,4
"535","Jordan Dawson","Adelaide Crows",2023,"Away",21.67,18,24,3
"536","Jordan Dawson","Adelaide Crows",2023,"Home",29,27,32,4
"537","Jordan De Goey","Collingwood",2023,"Away",23.33,21,25,3
"538","Jordan De Goey","Collingwood",2023,"Home",25,12,35,3
"539","Jordan Ridley","Essendon",2023,"Away",19,16,21,3
"540","Jordan Ridley","Essendon",2023,"Home",20.25,18,23,4
"541","Jordon Butts","Adelaide Crows",2023,"Away",8.67,7,10,3
"542","Jordon Butts","Adelaide Crows",2023,"Home",9,4,13,3
"543","Josh Battle","St Kilda",2023,"Away",17.33,13,24,3
"544","Josh Battle","St Kilda",2023,"Home",13.25,8,16,4
"545","Josh Bruce","Western Bulldogs",2023,"Away",12,8,14,3
"546","Josh Bruce","Western Bulldogs",2023,"Home",14,11,17,2
"547","Josh Carmichael","Collingwood",2023,"Home",2,2,2,1
"548","Josh Corbett","Fremantle",2023,"Home",4,4,4,1
"549","Josh Daicos","Collingwood",2023,"Away",27,23,31,3
"550","Josh Daicos","Collingwood",2023,"Home",28.5,26,30,4
"551","Josh Dunkley","Brisbane Lions",2023,"Away",24.25,19,33,4
"552","Josh Dunkley","Brisbane Lions",2023,"Home",26,25,28,4
"553","Josh Goater","North Melbourne",2023,"Away",12,9,15,2
"554","Josh Goater","North Melbourne",2023,"Home",15,15,15,1
"555","Josh Honey","Carlton",2023,"Away",7.33,5,9,3
"556","Josh Honey","Carlton",2023,"Home",9,8,10,2
"557","Josh Kelly","GWS Giants",2023,"Away",27.5,27,28,2
"558","Josh Kelly","GWS Giants",2023,"Home",29.5,21,41,4
"559","Josh Rachele","Adelaide Crows",2023,"Away",19,18,21,3
"560","Josh Rachele","Adelaide Crows",2023,"Home",19.75,18,22,4
"561","Josh Rotham","West Coast Eagles",2023,"Away",5.67,0,9,3
"562","Josh Rotham","West Coast Eagles",2023,"Home",3.5,2,5,2
"563","Josh Schache","Melbourne",2023,"Home",9,9,9,1
"564","Josh Treacy","Fremantle",2023,"Away",3,3,3,1
"565","Josh Ward","Hawthorn",2023,"Away",20.5,19,23,4
"566","Josh Ward","Hawthorn",2023,"Home",26.5,26,27,2
"567","Josh Weddle","Hawthorn",2023,"Away",8,8,8,1
"568","Judd McVee","Melbourne",2023,"Away",12.67,8,16,3
"569","Judd McVee","Melbourne",2023,"Home",15.25,13,18,4
"570","Judson Clarke","Richmond",2023,"Away",14,12,16,2
"571","Judson Clarke","Richmond",2023,"Home",9,0,20,4
"572","Junior Rioli","Port Adelaide",2023,"Away",9,6,13,3
"573","Junior Rioli","Port Adelaide",2023,"Home",10.5,7,16,4
"574","Justin McInerney","Sydney Swans",2023,"Away",14,8,23,4
"575","Justin McInerney","Sydney Swans",2023,"Home",15,14,16,2
"576","Jy Farrar","Gold Coast Suns",2023,"Home",16,14,18,2
"577","Jy Simpkin","North Melbourne",2023,"Away",20.33,12,25,3
"578","Jy Simpkin","North Melbourne",2023,"Home",27,25,29,2
"579","Jye Amiss","Fremantle",2023,"Away",7.5,7,8,2
"580","Jye Amiss","Fremantle",2023,"Home",6,2,10,4
"581","Jye Caldwell","Essendon",2023,"Away",17.67,16,19,3
"582","Jye Caldwell","Essendon",2023,"Home",13.75,10,20,4
"583","Jye Menzie","Essendon",2023,"Away",10.67,8,12,3
"584","Jye Menzie","Essendon",2023,"Home",10.33,6,17,3
"585","Kade Chandler","Melbourne",2023,"Away",12.33,10,15,3
"586","Kade Chandler","Melbourne",2023,"Home",14.5,9,21,4
"587","Kamdyn McIntosh","Richmond",2023,"Away",13.67,9,19,3
"588","Kamdyn McIntosh","Richmond",2023,"Home",13.4,0,19,5
"589","Kane Farrell","Port Adelaide",2023,"Away",16,14,18,2
"590","Kane Farrell","Port Adelaide",2023,"Home",15,9,21,4
"591","Karl Amon","Hawthorn",2023,"Away",19.75,18,23,4
"592","Karl Amon","Hawthorn",2023,"Home",22,20,24,3
"593","Kayne Turner","North Melbourne",2023,"Away",8.2,5,12,5
"594","Kayne Turner","North Melbourne",2023,"Home",7,6,8,2
"595","Keidean Coleman","Brisbane Lions",2023,"Away",14.5,13,16,4
"596","Keidean Coleman","Brisbane Lions",2023,"Home",14.67,14,16,3
"597","Kyle Langford","Essendon",2023,"Away",18.67,17,22,3
"598","Kyle Langford","Essendon",2023,"Home",13.25,11,16,4
"599","Kysaiah Pickett","Melbourne",2023,"Away",13,11,15,2
"600","Kysaiah Pickett","Melbourne",2023,"Home",14.33,8,19,3
"601","Lachie Ash","GWS Giants",2023,"Away",23.67,21,26,3
"602","Lachie Ash","GWS Giants",2023,"Home",22.25,18,30,4
"603","Lachie Hunter","Melbourne",2023,"Away",23.67,22,27,3
"604","Lachie Hunter","Melbourne",2023,"Home",18.75,12,23,4
"605","Lachie Jones","Port Adelaide",2023,"Away",5,5,5,1
"606","Lachie Jones","Port Adelaide",2023,"Home",11.5,11,12,2
"607","Lachie Neale","Brisbane Lions",2023,"Away",22.75,20,31,4
"608","Lachie Neale","Brisbane Lions",2023,"Home",30.25,22,37,4
"609","Lachie Plowman","Carlton",2023,"Away",12,12,12,1
"610","Lachie Schultz","Fremantle",2023,"Away",14.33,12,16,3
"611","Lachie Schultz","Fremantle",2023,"Home",15,10,20,4
"612","Lachie Weller","Gold Coast Suns",2023,"Away",23,18,30,4
"613","Lachie Weller","Gold Coast Suns",2023,"Home",28.5,28,29,2
"614","Lachie Whitfield","GWS Giants",2023,"Away",23.5,23,24,2
"615","Lachie Whitfield","GWS Giants",2023,"Home",22.5,17,27,4
"616","Lachlan Bramble","Hawthorn",2023,"Away",22,22,22,1
"617","Lachlan Bramble","Hawthorn",2023,"Home",12.5,7,18,2
"618","Lachlan Cowan","Carlton",2023,"Away",9.25,8,11,4
"619","Lachlan Cowan","Carlton",2023,"Home",11.5,11,12,2
"620","Lachlan Gollant","Adelaide Crows",2023,"Away",9,9,9,1
"621","Lachlan Gollant","Adelaide Crows",2023,"Home",8,8,8,1
"622","Lachlan McNeil","Western Bulldogs",2023,"Away",4,4,4,1
"623","Lachlan McNeil","Western Bulldogs",2023,"Home",10,10,10,1
"624","Lachlan Murphy","Adelaide Crows",2023,"Away",16.5,15,18,2
"625","Lachlan Murphy","Adelaide Crows",2023,"Home",13.75,12,16,4
"626","Lachlan Sholl","Adelaide Crows",2023,"Away",19.5,16,23,2
"627","Lachlan Sholl","Adelaide Crows",2023,"Home",18.75,14,27,4
"628","Lance Franklin","Sydney Swans",2023,"Away",9,8,10,2
"629","Lance Franklin","Sydney Swans",2023,"Home",9.5,8,11,2
"630","Levi Casboult","Gold Coast Suns",2023,"Away",10.5,8,13,2
"631","Levi Casboult","Gold Coast Suns",2023,"Home",10.67,4,18,3
"632","Lewis Young","Carlton",2023,"Away",15.4,11,22,5
"633","Lewis Young","Carlton",2023,"Home",14,12,16,3
"634","Liam Baker","Richmond",2023,"Away",23.67,14,32,3
"635","Liam Baker","Richmond",2023,"Home",19.2,0,35,5
"636","Liam Duggan","West Coast Eagles",2023,"Away",15.8,0,23,5
"637","Liam Duggan","West Coast Eagles",2023,"Home",18.67,14,23,3
"638","Liam Henry","Fremantle",2023,"Away",17,13,21,2
"639","Liam Henry","Fremantle",2023,"Home",14.5,11,18,2
"640","Liam Jones","Western Bulldogs",2023,"Away",8.25,1,15,4
"641","Liam Jones","Western Bulldogs",2023,"Home",10.67,10,12,3
"642","Liam Ryan","West Coast Eagles",2023,"Away",11,9,13,2
"643","Liam Ryan","West Coast Eagles",2023,"Home",17,17,17,1
"644","Liam Shiels","North Melbourne",2023,"Away",15.4,3,27,5
"645","Liam Shiels","North Melbourne",2023,"Home",17.5,16,19,2
"646","Liam Stocker","St Kilda",2023,"Away",17,16,18,3
"647","Liam Stocker","St Kilda",2023,"Home",19.5,15,26,4
"648","Lincoln McCarthy","Brisbane Lions",2023,"Away",8.25,8,9,4
"649","Lincoln McCarthy","Brisbane Lions",2023,"Home",12.25,10,17,4
"650","Lloyd Meek","Hawthorn",2023,"Away",9.67,9,10,3
"651","Lloyd Meek","Hawthorn",2023,"Home",8.5,8,9,2
"652","Lochie O'Brien","Carlton",2023,"Away",8.67,4,15,3
"653","Lochie O'Brien","Carlton",2023,"Home",4,3,5,2
"654","Logan McDonald","Sydney Swans",2023,"Away",9.25,5,13,4
"655","Logan McDonald","Sydney Swans",2023,"Home",10.67,7,13,3
"656","Luke Breust","Hawthorn",2023,"Away",12.25,9,16,4
"657","Luke Breust","Hawthorn",2023,"Home",8.67,7,11,3
"658","Luke Davies-Uniacke","North Melbourne",2023,"Away",24.33,20,30,3
"659","Luke Davies-Uniacke","North Melbourne",2023,"Home",31,30,32,2
"660","Luke Edwards","West Coast Eagles",2023,"Away",9,0,17,3
"661","Luke Edwards","West Coast Eagles",2023,"Home",15.5,15,16,2
"662","Luke Foley","West Coast Eagles",2023,"Away",7.5,0,15,2
"663","Luke Foley","West Coast Eagles",2023,"Home",9,9,9,1
"664","Luke Jackson","Fremantle",2023,"Away",12.67,12,14,3
"665","Luke Jackson","Fremantle",2023,"Home",11,9,13,4
"666","Luke McDonald","North Melbourne",2023,"Away",18.8,15,24,5
"667","Luke McDonald","North Melbourne",2023,"Home",22,22,22,2
"668","Luke Parker","Sydney Swans",2023,"Away",19.5,15,25,4
"669","Luke Parker","Sydney Swans",2023,"Home",27.33,22,33,3
"670","Luke Pedlar","Adelaide Crows",2023,"Away",13.33,12,15,3
"671","Luke Pedlar","Adelaide Crows",2023,"Home",11,8,13,3
"672","Luke Ryan","Fremantle",2023,"Away",25.67,18,37,3
"673","Luke Ryan","Fremantle",2023,"Home",24,17,30,4
"674","Luke Shuey","West Coast Eagles",2023,"Away",17.67,9,27,3
"675","Luke Shuey","West Coast Eagles",2023,"Home",20,20,20,1
"676","Mabior Chol","Gold Coast Suns",2023,"Away",5.5,3,8,2
"677","Mabior Chol","Gold Coast Suns",2023,"Home",9.5,6,13,2
"678","Mac Andrew","Gold Coast Suns",2023,"Away",9.5,7,12,2
"679","Mac Andrew","Gold Coast Suns",2023,"Home",12,12,12,1
"680","Malcolm Rosas","Gold Coast Suns",2023,"Away",9.25,6,11,4
"681","Malcolm Rosas","Gold Coast Suns",2023,"Home",5,3,7,2
"682","Marc Pittonet","Carlton",2023,"Away",9.25,1,13,4
"683","Marc Pittonet","Carlton",2023,"Home",10.67,10,12,3
"684","Marc Sheather","Sydney Swans",2023,"Home",2,2,2,1
"685","Marcus Bontempelli","Western Bulldogs",2023,"Away",26,23,31,4
"686","Marcus Bontempelli","Western Bulldogs",2023,"Home",23.67,19,28,3
"687","Marcus Windhager","St Kilda",2023,"Away",7,4,13,3
"688","Marcus Windhager","St Kilda",2023,"Home",10.67,4,14,3
"689","Mark Blicavs","Geelong Cats",2023,"Away",16.67,15,18,3
"690","Mark Blicavs","Geelong Cats",2023,"Home",13.5,9,17,4
"691","Mark O'Connor","Geelong Cats",2023,"Away",12.33,9,15,3
"692","Mark O'Connor","Geelong Cats",2023,"Home",14.25,11,16,4
"693","Marlion Pickett","Richmond",2023,"Away",20.33,19,23,3
"694","Marlion Pickett","Richmond",2023,"Home",12.4,0,20,5
"695","Mason Cox","Collingwood",2023,"Away",6,6,6,1
"696","Mason Cox","Collingwood",2023,"Home",12,12,12,1
"697","Mason Redman","Essendon",2023,"Away",22.33,20,24,3
"698","Mason Redman","Essendon",2023,"Home",20.25,16,27,4
"699","Mason Wood","St Kilda",2023,"Away",23,22,24,3
"700","Mason Wood","St Kilda",2023,"Home",22.25,18,27,4
"701","Massimo D'Ambrosio","Essendon",2023,"Away",27,27,27,1
"702","Massimo D'Ambrosio","Essendon",2023,"Home",15.5,13,18,2
"703","Matt Flynn","GWS Giants",2023,"Away",10.67,7,17,3
"704","Matt Flynn","GWS Giants",2023,"Home",10.5,8,13,4
"705","Matt Guelfi","Essendon",2023,"Home",6,6,6,1
"706","Matt Roberts","Sydney Swans",2023,"Away",6.75,3,14,4
"707","Matt Roberts","Sydney Swans",2023,"Home",5,5,5,1
"708","Matt Rowell","Gold Coast Suns",2023,"Away",19.25,12,26,4
"709","Matt Rowell","Gold Coast Suns",2023,"Home",23.33,18,28,3
"710","Matt Taberner","Fremantle",2023,"Away",9,9,9,2
"711","Matt Taberner","Fremantle",2023,"Home",9,7,11,2
"712","Mattaes Phillipou","St Kilda",2023,"Away",13,7,19,3
"713","Mattaes Phillipou","St Kilda",2023,"Home",15,12,18,4
"714","Matthew Johnson","Fremantle",2023,"Away",13.5,5,22,2
"715","Matthew Johnson","Fremantle",2023,"Home",10.33,6,15,3
"716","Matthew Kennedy","Carlton",2023,"Away",15,7,22,3
"717","Matthew Kennedy","Carlton",2023,"Home",20,13,26,3
"718","Matthew Owies","Carlton",2023,"Away",7,4,10,2
"719","Matthew Owies","Carlton",2023,"Home",13,13,13,1
"720","Maurice Rioli","Richmond",2023,"Away",6.67,5,8,3
"721","Maurice Rioli","Richmond",2023,"Home",7,3,11,2
"722","Max Gawn","Melbourne",2023,"Away",1,1,1,1
"723","Max Gawn","Melbourne",2023,"Home",17.33,14,21,3
"724","Max Holmes","Geelong Cats",2023,"Away",18.67,15,23,3
"725","Max Holmes","Geelong Cats",2023,"Home",21.5,17,26,4
"726","Max Lynch","Hawthorn",2023,"Home",2,2,2,1
"727","Max Michalanney","Adelaide Crows",2023,"Away",10,6,12,3
"728","Max Michalanney","Adelaide Crows",2023,"Home",11.5,8,16,4
"729","Max Ramsden","Hawthorn",2023,"Away",6,6,6,1
"730","Michael Frederick","Fremantle",2023,"Away",15,15,15,1
"731","Michael Frederick","Fremantle",2023,"Home",13.5,12,17,4
"732","Michael Hibberd","Melbourne",2023,"Away",8,8,8,1
"733","Michael Hibberd","Melbourne",2023,"Home",17,11,23,3
"734","Michael Walters","Fremantle",2023,"Away",10,9,11,2
"735","Michael Walters","Fremantle",2023,"Home",10.25,7,13,4
"736","Miles Bergman","Port Adelaide",2023,"Away",17,13,21,3
"737","Miles Bergman","Port Adelaide",2023,"Home",15,10,23,4
"738","Miller Bergman","North Melbourne",2023,"Away",12,10,14,2
"739","Miller Bergman","North Melbourne",2023,"Home",13,13,13,1
"740","Mitch Duncan","Geelong Cats",2023,"Away",16,16,16,1
"741","Mitch Duncan","Geelong Cats",2023,"Home",20.33,14,31,3
"742","Mitch Georgiades","Port Adelaide",2023,"Away",14,14,14,1
"743","Mitch Georgiades","Port Adelaide",2023,"Home",13,13,13,1
"744","Mitch Hannan","Western Bulldogs",2023,"Away",6.33,5,8,3
"745","Mitch Knevitt","Geelong Cats",2023,"Away",15,15,15,1
"746","Mitch Knevitt","Geelong Cats",2023,"Home",3,3,3,1
"747","Mitch Lewis","Hawthorn",2023,"Away",16,16,16,1
"748","Mitch McGovern","Carlton",2023,"Away",17.75,8,27,4
"749","Mitch McGovern","Carlton",2023,"Home",15.33,10,20,3
"750","Mitch Owens","St Kilda",2023,"Away",15.67,14,17,3
"751","Mitch Owens","St Kilda",2023,"Home",17.75,14,27,4
"752","Mitchell Hinge","Adelaide Crows",2023,"Away",18,15,21,3
"753","Mitchell Hinge","Adelaide Crows",2023,"Home",18.5,16,24,4
"754","Nasiah Wanganeen-Milera","St Kilda",2023,"Away",18.33,15,21,3
"755","Nasiah Wanganeen-Milera","St Kilda",2023,"Home",20.25,18,24,4
"756","Nat Fyfe","Fremantle",2023,"Away",9,9,9,1
"757","Nathan Broad","Richmond",2023,"Away",16,16,16,1
"758","Nathan Broad","Richmond",2023,"Home",11,0,20,3
"759","Nathan Kreuger","Collingwood",2023,"Away",2,2,2,1
"760","Nathan Kreuger","Collingwood",2023,"Home",5,5,5,1
"761","Nathan Murphy","Collingwood",2023,"Away",9.67,6,14,3
"762","Nathan Murphy","Collingwood",2023,"Home",9.67,8,11,3
"763","Nathan O'Driscoll","Fremantle",2023,"Away",9.5,5,14,2
"764","Nathan O'Driscoll","Fremantle",2023,"Home",12,12,12,1
"765","Nathan Wilson","Fremantle",2023,"Away",15.5,10,21,2
"766","Nathan Wilson","Fremantle",2023,"Home",15,12,18,2
"767","Ned Long","Hawthorn",2023,"Away",10,10,10,1
"768","Ned Long","Hawthorn",2023,"Home",9,9,9,1
"769","Ned McHenry","Adelaide Crows",2023,"Away",2,2,2,1
"770","Ned McHenry","Adelaide Crows",2023,"Home",13,4,22,2
"771","Ned Moyle","Gold Coast Suns",2023,"Away",4.5,4,5,2
"772","Ned Reeves","Hawthorn",2023,"Away",8,3,15,4
"773","Ned Reeves","Hawthorn",2023,"Home",6.33,4,9,3
"774","Neil Erasmus","Fremantle",2023,"Away",4,4,4,1
"775","Nic Martin","Essendon",2023,"Away",22.33,18,28,3
"776","Nic Martin","Essendon",2023,"Home",19,13,24,4
"777","Nic Newman","Carlton",2023,"Away",22,14,34,5
"778","Nic Newman","Carlton",2023,"Home",23.67,19,28,3
"779","Nick Blakey","Sydney Swans",2023,"Away",22,19,30,4
"780","Nick Blakey","Sydney Swans",2023,"Home",18.33,12,24,3
"781","Nick Daicos","Collingwood",2023,"Away",33.33,27,38,3
"782","Nick Daicos","Collingwood",2023,"Home",36.75,32,42,4
"783","Nick Haynes","GWS Giants",2023,"Away",20,16,26,3
"784","Nick Haynes","GWS Giants",2023,"Home",19.75,15,27,4
"785","Nick Hind","Essendon",2023,"Away",13,13,13,1
"786","Nick Hind","Essendon",2023,"Home",11,7,15,2
"787","Nick Holman","Gold Coast Suns",2023,"Away",13.25,11,15,4
"788","Nick Holman","Gold Coast Suns",2023,"Home",14,8,19,3
"789","Nick Larkey","North Melbourne",2023,"Away",6.6,4,9,5
"790","Nick Larkey","North Melbourne",2023,"Home",7,5,9,2
"791","Nick Murray","Adelaide Crows",2023,"Away",8.33,5,12,3
"792","Nick Murray","Adelaide Crows",2023,"Home",12.25,8,15,4
"793","Nick Vlastuin","Richmond",2023,"Away",20.33,20,21,3
"794","Nick Vlastuin","Richmond",2023,"Home",14,0,21,5
"795","Noah Anderson","Gold Coast Suns",2023,"Away",30,25,38,4
"796","Noah Anderson","Gold Coast Suns",2023,"Home",22,17,28,3
"797","Noah Answerth","Brisbane Lions",2023,"Away",10.5,5,16,2
"798","Noah Answerth","Brisbane Lions",2023,"Home",7,7,7,1
"799","Noah Balta","Richmond",2023,"Away",11.33,10,13,3
"800","Noah Balta","Richmond",2023,"Home",10.8,0,20,5
"801","Noah Cumberland","Richmond",2023,"Away",7,7,7,2
"802","Noah Cumberland","Richmond",2023,"Home",8.5,0,21,4
"803","Noah Long","West Coast Eagles",2023,"Away",13.67,10,18,3
"804","Noah Long","West Coast Eagles",2023,"Home",9,7,11,2
"805","Oleg Markov","Collingwood",2023,"Away",11.5,9,14,2
"806","Oleg Markov","Collingwood",2023,"Home",17,15,19,2
"807","Oliver Florent","Sydney Swans",2023,"Away",17.25,14,21,4
"808","Oliver Florent","Sydney Swans",2023,"Home",22.67,10,33,3
"809","Oliver Henry","Geelong Cats",2023,"Away",13.33,10,17,3
"810","Oliver Henry","Geelong Cats",2023,"Home",12.5,9,15,4
"811","Oliver Hollands","Carlton",2023,"Away",12.6,11,15,5
"812","Oliver Hollands","Carlton",2023,"Home",21,20,22,3
"813","Ollie Lord","Port Adelaide",2023,"Away",5,5,5,1
"814","Ollie Lord","Port Adelaide",2023,"Home",10,10,10,1
"815","Ollie Wines","Port Adelaide",2023,"Away",22,19,26,3
"816","Ollie Wines","Port Adelaide",2023,"Home",25.25,21,29,4
"817","Orazio Fantasia","Port Adelaide",2023,"Away",9,9,9,1
"818","Orazio Fantasia","Port Adelaide",2023,"Home",7,5,9,2
"819","Oscar Allen","West Coast Eagles",2023,"Away",8.8,0,14,5
"820","Oscar Allen","West Coast Eagles",2023,"Home",10.67,9,14,3
"821","Oscar McInerney","Brisbane Lions",2023,"Away",12.5,11,16,4
"822","Oscar McInerney","Brisbane Lions",2023,"Home",12.5,9,18,4
"823","Oskar Baker","Western Bulldogs",2023,"Away",14.75,11,20,4
"824","Oskar Baker","Western Bulldogs",2023,"Home",17,13,20,3
"825","Paddy McCartin","Sydney Swans",2023,"Away",13,11,15,2
"826","Paddy McCartin","Sydney Swans",2023,"Home",6.5,0,13,2
"827","Patrick Cripps","Carlton",2023,"Away",29.8,19,42,5
"828","Patrick Cripps","Carlton",2023,"Home",26,17,34,3
"829","Patrick Dangerfield","Geelong Cats",2023,"Away",23,19,28,3
"830","Patrick Dangerfield","Geelong Cats",2023,"Home",25.75,22,31,4
"831","Patrick Parnell","Adelaide Crows",2023,"Home",0,0,0,1
"832","Paul Curtis","North Melbourne",2023,"Away",8,5,10,4
"833","Paul Curtis","North Melbourne",2023,"Home",8.5,8,9,2
"834","Peter Ladhams","Sydney Swans",2023,"Away",16.75,14,20,4
"835","Peter Ladhams","Sydney Swans",2023,"Home",17.67,13,24,3
"836","Reef McInnes","Collingwood",2023,"Away",3,2,4,2
"837","Reef McInnes","Collingwood",2023,"Home",1,1,1,1
"838","Reilly O'Brien","Adelaide Crows",2023,"Away",12.67,10,16,3
"839","Reilly O'Brien","Adelaide Crows",2023,"Home",14.25,11,17,4
"840","Reuben Ginbey","West Coast Eagles",2023,"Away",11.2,0,20,5
"841","Reuben Ginbey","West Coast Eagles",2023,"Home",13.67,10,17,3
"842","Rhett Bazzo","West Coast Eagles",2023,"Away",6,6,6,1
"843","Rhett Bazzo","West Coast Eagles",2023,"Home",3,3,3,1
"844","Rhyan Mansell","Richmond",2023,"Away",5,3,8,3
"845","Rhyan Mansell","Richmond",2023,"Home",7.75,0,12,4
"846","Rhylee West","Western Bulldogs",2023,"Home",4,4,4,1
"847","Rhys Stanley","Geelong Cats",2023,"Away",16,16,16,1
"848","Rhys Stanley","Geelong Cats",2023,"Home",11.67,9,16,3
"849","Riley Bonner","Port Adelaide",2023,"Away",6,6,6,1
"850","Riley Bonner","Port Adelaide",2023,"Home",15,15,15,1
"851","Riley Garcia","Western Bulldogs",2023,"Home",11,10,12,2
"852","Riley Thilthorpe","Adelaide Crows",2023,"Away",11.5,11,12,2
"853","Riley Thilthorpe","Adelaide Crows",2023,"Home",12.25,8,18,4
"854","Robbie Fox","Sydney Swans",2023,"Away",17,17,17,2
"855","Robbie Fox","Sydney Swans",2023,"Home",16,16,16,1
"856","Robbie McComb","Western Bulldogs",2023,"Away",8,8,8,1
"857","Robbie McComb","Western Bulldogs",2023,"Home",2.5,2,3,2
"858","Rory Atkins","Gold Coast Suns",2023,"Away",25,25,25,1
"859","Rory Laird","Adelaide Crows",2023,"Away",24.33,18,29,3
"860","Rory Laird","Adelaide Crows",2023,"Home",33.25,28,39,4
"861","Rory Lobb","Western Bulldogs",2023,"Away",10,6,14,4
"862","Rory Lobb","Western Bulldogs",2023,"Home",6.5,4,9,2
"863","Rory Sloane","Adelaide Crows",2023,"Away",23.33,18,30,3
"864","Rory Sloane","Adelaide Crows",2023,"Home",18.5,16,23,4
"865","Rowan Marshall","St Kilda",2023,"Away",20.67,17,25,3
"866","Rowan Marshall","St Kilda",2023,"Home",20.5,16,26,4
"867","Ryan Angwin","GWS Giants",2023,"Away",10,10,10,1
"868","Ryan Angwin","GWS Giants",2023,"Home",20,20,20,1
"869","Ryan Burton","Port Adelaide",2023,"Away",13.5,9,18,2
"870","Ryan Burton","Port Adelaide",2023,"Home",18,14,24,3
"871","Ryan Byrnes","St Kilda",2023,"Away",16.67,8,22,3
"872","Ryan Byrnes","St Kilda",2023,"Home",22,17,27,4
"873","Ryan Clarke","Sydney Swans",2023,"Away",11,11,11,1
"874","Ryan Clarke","Sydney Swans",2023,"Home",11,11,11,1
"875","Ryan Lester","Brisbane Lions",2023,"Away",9,9,9,1
"876","Ryan Lester","Brisbane Lions",2023,"Home",13,13,13,1
"877","Sam Berry","Adelaide Crows",2023,"Away",8.5,5,12,2
"878","Sam Berry","Adelaide Crows",2023,"Home",11,11,11,1
"879","Sam Butler","Hawthorn",2023,"Away",3,3,3,1
"880","Sam Collins","Gold Coast Suns",2023,"Away",14.5,10,17,4
"881","Sam Collins","Gold Coast Suns",2023,"Home",13.33,12,16,3
"882","Sam Darcy","Western Bulldogs",2023,"Away",6,6,6,1
"883","Sam Darcy","Western Bulldogs",2023,"Home",2,2,2,1
"884","Sam De Koning","Geelong Cats",2023,"Away",11.67,7,14,3
"885","Sam De Koning","Geelong Cats",2023,"Home",9.67,7,12,3
"886","Sam Docherty","Carlton",2023,"Away",26.75,19,39,4
"887","Sam Docherty","Carlton",2023,"Home",25,21,29,2
"888","Sam Draper","Essendon",2023,"Away",10.67,8,15,3
"889","Sam Draper","Essendon",2023,"Home",11.5,7,15,4
"890","Sam Durham","Essendon",2023,"Away",14.67,9,19,3
"891","Sam Durham","Essendon",2023,"Home",18.25,14,24,4
"892","Sam Flanders","Gold Coast Suns",2023,"Away",11,11,11,1
"893","Sam Flanders","Gold Coast Suns",2023,"Home",13,7,19,2
"894","Sam Frost","Hawthorn",2023,"Away",13.75,6,20,4
"895","Sam Frost","Hawthorn",2023,"Home",15.33,13,19,3
"896","Sam Petrevski-Seton","West Coast Eagles",2023,"Away",14,9,22,3
"897","Sam Petrevski-Seton","West Coast Eagles",2023,"Home",11.33,4,20,3
"898","Sam Powell-Pepper","Port Adelaide",2023,"Away",17.33,14,21,3
"899","Sam Powell-Pepper","Port Adelaide",2023,"Home",15.25,12,21,4
"900","Sam Simpson","Geelong Cats",2023,"Away",10,10,10,1
"901","Sam Simpson","Geelong Cats",2023,"Home",14,14,14,1
"902","Sam Sturt","Fremantle",2023,"Away",7,7,7,1
"903","Sam Sturt","Fremantle",2023,"Home",6.5,6,7,2
"904","Sam Switkowski","Fremantle",2023,"Away",12.67,11,16,3
"905","Sam Switkowski","Fremantle",2023,"Home",12.33,1,21,3
"906","Sam Taylor","GWS Giants",2023,"Away",14,13,15,2
"907","Sam Taylor","GWS Giants",2023,"Home",12.5,7,20,4
"908","Sam Walsh","Carlton",2023,"Away",27.5,25,30,2
"909","Sam Walsh","Carlton",2023,"Home",33,28,38,2
"910","Sam Weideman","Essendon",2023,"Away",11.67,10,14,3
"911","Sam Weideman","Essendon",2023,"Home",8.5,3,14,2
"912","Samson Ryan","Richmond",2023,"Away",6,2,10,3
"913","Samson Ryan","Richmond",2023,"Home",6.5,0,11,4
"914","Scott Lycett","Port Adelaide",2023,"Away",12,10,14,2
"915","Scott Lycett","Port Adelaide",2023,"Home",9,2,13,3
"916","Scott Pendlebury","Collingwood",2023,"Away",26.5,26,27,2
"917","Scott Pendlebury","Collingwood",2023,"Home",22,20,24,4
"918","Seamus Mitchell","Hawthorn",2023,"Away",14,11,17,2
"919","Seamus Mitchell","Hawthorn",2023,"Home",15,15,15,1
"920","Sean Darcy","Fremantle",2023,"Away",17.67,17,18,3
"921","Sean Darcy","Fremantle",2023,"Home",14,6,20,4
"922","Sean Lemmens","Gold Coast Suns",2023,"Away",10.5,8,13,2
"923","Sean Lemmens","Gold Coast Suns",2023,"Home",13,13,13,1
"924","Sebastian Ross","St Kilda",2023,"Away",24.67,24,26,3
"925","Sebastian Ross","St Kilda",2023,"Home",27,24,30,3
"926","Shai Bolton","Richmond",2023,"Away",19.33,16,22,3
"927","Shai Bolton","Richmond",2023,"Home",15,0,22,5
"928","Shane McAdam","Adelaide Crows",2023,"Away",7,7,7,1
"929","Shannon Hurn","West Coast Eagles",2023,"Away",17.33,0,27,3
"930","Shannon Hurn","West Coast Eagles",2023,"Home",17.33,12,21,3
"931","Steele Sidebottom","Collingwood",2023,"Away",18.33,12,24,3
"932","Steele Sidebottom","Collingwood",2023,"Home",25.75,24,30,4
"933","Stephen Coniglio","GWS Giants",2023,"Away",27,25,28,3
"934","Stephen Coniglio","GWS Giants",2023,"Home",33,29,38,4
"935","Steven May","Melbourne",2023,"Away",16,13,19,2
"936","Steven May","Melbourne",2023,"Home",18.67,14,22,3
"937","Tanner Bruhn","Geelong Cats",2023,"Away",11,10,12,3
"938","Tanner Bruhn","Geelong Cats",2023,"Home",17,17,17,1
"939","Taylor Adams","Collingwood",2023,"Away",16.33,16,17,3
"940","Taylor Adams","Collingwood",2023,"Home",19.33,18,20,3
"941","Taylor Duryea","Western Bulldogs",2023,"Away",10.33,8,12,3
"942","Taylor Duryea","Western Bulldogs",2023,"Home",14.5,10,19,2
"943","Taylor Walker","Adelaide Crows",2023,"Away",12.67,7,20,3
"944","Taylor Walker","Adelaide Crows",2023,"Home",11.5,7,15,4
"945","Tim English","Western Bulldogs",2023,"Away",21.75,20,24,4
"946","Tim English","Western Bulldogs",2023,"Home",16,11,21,3
"947","Tim Kelly","West Coast Eagles",2023,"Away",22.2,0,34,5
"948","Tim Kelly","West Coast Eagles",2023,"Home",31.67,27,36,3
"949","Tim Membrey","St Kilda",2023,"Away",12,12,12,1
"950","Tim Membrey","St Kilda",2023,"Home",12,12,12,1
"951","Tim O'Brien","Western Bulldogs",2023,"Away",12,8,16,2
"952","Tim O'Brien","Western Bulldogs",2023,"Home",13,13,13,1
"953","Tim Taranto","Richmond",2023,"Away",30,28,33,3
"954","Tim Taranto","Richmond",2023,"Home",25,0,34,5
"955","Toby Bedford","GWS Giants",2023,"Away",10,10,10,1
"956","Toby Greene","GWS Giants",2023,"Away",19.33,18,22,3
"957","Toby Greene","GWS Giants",2023,"Home",17.5,5,24,4
"958","Toby McLean","Western Bulldogs",2023,"Away",5.67,0,12,3
"959","Toby McLean","Western Bulldogs",2023,"Home",8.5,0,17,2
"960","Toby Nankervis","Richmond",2023,"Away",19,18,20,2
"961","Toby Nankervis","Richmond",2023,"Home",14.5,14,15,2
"962","Todd Goldstein","North Melbourne",2023,"Away",12.2,7,18,5
"963","Todd Goldstein","North Melbourne",2023,"Home",16,16,16,1
"964","Todd Marshall","Port Adelaide",2023,"Away",10.5,8,13,2
"965","Todd Marshall","Port Adelaide",2023,"Home",6.75,2,11,4
"966","Tom Atkins","Geelong Cats",2023,"Away",17,13,21,3
"967","Tom Atkins","Geelong Cats",2023,"Home",16.5,14,21,4
"968","Tom Barrass","West Coast Eagles",2023,"Away",13.4,0,21,5
"969","Tom Barrass","West Coast Eagles",2023,"Home",9.67,4,17,3
"970","Tom Clurey","Port Adelaide",2023,"Home",3,3,3,1
"971","Tom Cole","West Coast Eagles",2023,"Away",19.5,19,20,2
"972","Tom Cole","West Coast Eagles",2023,"Home",12.5,11,14,2
"973","Tom De Koning","Carlton",2023,"Away",11.25,9,13,4
"974","Tom De Koning","Carlton",2023,"Home",11,11,11,1
"975","Tom Doedee","Adelaide Crows",2023,"Away",14,10,20,3
"976","Tom Doedee","Adelaide Crows",2023,"Home",19.75,13,24,4
"977","Tom Green","GWS Giants",2023,"Away",30.67,27,34,3
"978","Tom Green","GWS Giants",2023,"Home",34.33,32,37,3
"979","Tom Hawkins","Geelong Cats",2023,"Away",9.67,5,16,3
"980","Tom Hawkins","Geelong Cats",2023,"Home",12,8,15,4
"981","Tom Jonas","Port Adelaide",2023,"Away",6,3,9,2
"982","Tom Jonas","Port Adelaide",2023,"Home",9.33,7,12,3
"983","Tom Liberatore","Western Bulldogs",2023,"Away",26.75,23,32,4
"984","Tom Liberatore","Western Bulldogs",2023,"Home",26.5,24,29,2
"985","Tom Lynch","Richmond",2023,"Away",9,7,11,2
"986","Tom Lynch","Richmond",2023,"Home",8,6,10,2
"987","Tom McCartin","Sydney Swans",2023,"Away",15,14,16,2
"988","Tom McCartin","Sydney Swans",2023,"Home",9.33,5,12,3
"989","Tom McDonald","Melbourne",2023,"Away",10.67,6,16,3
"990","Tom McDonald","Melbourne",2023,"Home",13,13,13,1
"991","Tom Mitchell","Collingwood",2023,"Away",23.33,20,29,3
"992","Tom Mitchell","Collingwood",2023,"Home",27,23,30,4
"993","Tom Papley","Sydney Swans",2023,"Away",14.25,8,25,4
"994","Tom Papley","Sydney Swans",2023,"Home",14,11,17,3
"995","Tom Powell","North Melbourne",2023,"Away",17.4,12,21,5
"996","Tom Powell","North Melbourne",2023,"Home",19.5,15,24,2
"997","Tom Sparrow","Melbourne",2023,"Away",18,13,21,3
"998","Tom Sparrow","Melbourne",2023,"Home",16.25,10,23,4
"999","Tom Stewart","Geelong Cats",2023,"Away",27.5,26,29,2
"1000","Tom Stewart","Geelong Cats",2023,"Home",17.5,3,24,4
"1001","Tom Wilson","Collingwood",2023,"Home",5,5,5,1
"1002","Touk Miller","Gold Coast Suns",2023,"Away",29.67,26,32,3
"1003","Touk Miller","Gold Coast Suns",2023,"Home",20.67,13,29,3
"1004","Travis Boak","Port Adelaide",2023,"Away",20,11,30,3
"1005","Travis Boak","Port Adelaide",2023,"Home",15.33,11,20,3
"1006","Trent Cotchin","Richmond",2023,"Away",19,17,23,3
"1007","Trent Cotchin","Richmond",2023,"Home",11.75,7,18,4
"1008","Trent McKenzie","Port Adelaide",2023,"Away",11.5,11,12,2
"1009","Trent McKenzie","Port Adelaide",2023,"Home",13.33,10,16,3
"1010","Trent Rivers","Melbourne",2023,"Away",22,19,27,3
"1011","Trent Rivers","Melbourne",2023,"Home",18.75,12,24,4
"1012","Trey Ruscoe","Collingwood",2023,"Home",11,11,11,1
"1013","Tristan Xerri","North Melbourne",2023,"Home",5,5,5,1
"1014","Tylar Young","Richmond",2023,"Away",7,5,10,3
"1015","Tylar Young","Richmond",2023,"Home",12,11,14,3
"1016","Tyler Brockman","Hawthorn",2023,"Away",10.67,5,16,3
"1017","Tyler Brockman","Hawthorn",2023,"Home",10.5,10,11,2
"1018","Tyler Brown","Adelaide Crows",2023,"Away",1,1,1,1
"1019","Tyler Sonsie","Richmond",2023,"Home",11.33,4,15,3
"1020","Tyson Stengle","Geelong Cats",2023,"Away",10.5,9,12,2
"1021","Tyson Stengle","Geelong Cats",2023,"Home",11,6,17,3
"1022","Wayne Milera","Adelaide Crows",2023,"Away",13.33,11,15,3
"1023","Wayne Milera","Adelaide Crows",2023,"Home",18,13,23,3
"1024","Wil Powell","Gold Coast Suns",2023,"Away",20,13,28,3
"1025","Wil Powell","Gold Coast Suns",2023,"Home",17.5,15,20,2
"1026","Will Ashcroft","Brisbane Lions",2023,"Away",17,13,23,4
"1027","Will Ashcroft","Brisbane Lions",2023,"Home",27,23,31,4
"1028","Will Brodie","Fremantle",2023,"Away",22,20,24,2
"1029","Will Brodie","Fremantle",2023,"Home",19.67,16,26,3
"1030","Will Day","Hawthorn",2023,"Away",26,22,30,3
"1031","Will Day","Hawthorn",2023,"Home",25.5,22,29,2
"1032","Will Gould","Sydney Swans",2023,"Away",6,3,9,2
"1033","Will Hayward","Sydney Swans",2023,"Away",11.25,8,19,4
"1034","Will Hayward","Sydney Swans",2023,"Home",13,9,16,3
"1035","Will Hoskin-Elliott","Collingwood",2023,"Away",14,9,18,3
"1036","Will Hoskin-Elliott","Collingwood",2023,"Home",10.25,5,14,4
"1037","Will Kelly","Collingwood",2023,"Away",8,8,8,1
"1038","Will Kelly","Collingwood",2023,"Home",5,5,5,1
"1039","Will Phillips","North Melbourne",2023,"Away",14.33,8,19,3
"1040","Will Phillips","North Melbourne",2023,"Home",17,17,17,2
"1041","Will Setterfield","Essendon",2023,"Away",22.67,21,25,3
"1042","Will Setterfield","Essendon",2023,"Home",21.75,19,28,4
"1043","Will Snelling","Essendon",2023,"Away",13,13,13,1
"1044","Will Snelling","Essendon",2023,"Home",8,5,11,2
"1045","Willem Drew","Port Adelaide",2023,"Away",14.67,12,17,3
"1046","Willem Drew","Port Adelaide",2023,"Home",18.25,10,25,4
"1047","Xavier Duursma","Port Adelaide",2023,"Away",13.33,5,22,3
"1048","Xavier Duursma","Port Adelaide",2023,"Home",15,8,22,4
"1049","Xavier O'Halloran","GWS Giants",2023,"Away",15,15,15,1
"1050","Xavier O'Halloran","GWS Giants",2023,"Home",15.5,14,17,2
"1051","Xavier O'Neill","West Coast Eagles",2023,"Away",6.33,0,11,3
"1052","Xavier O'Neill","West Coast Eagles",2023,"Home",16,16,16,1
"1053","Zac Bailey","Brisbane Lions",2023,"Away",14.5,12,17,4
"1054","Zac Bailey","Brisbane Lions",2023,"Home",17,10,21,4
"1055","Zac Fisher","Carlton",2023,"Away",17.4,7,28,5
"1056","Zac Fisher","Carlton",2023,"Home",20.5,19,22,2
"1057","Zach Guthrie","Geelong Cats",2023,"Away",14.33,12,18,3
"1058","Zach Guthrie","Geelong Cats",2023,"Home",14,12,19,4
"1059","Zach Merrett","Essendon",2023,"Away",27,25,29,2
"1060","Zach Merrett","Essendon",2023,"Home",28.25,19,35,4
"1061","Zach Tuohy","Geelong Cats",2023,"Away",19.5,18,21,2
"1062","Zach Tuohy","Geelong Cats",2023,"Home",14.5,11,18,4
"1063","Zaine Cordy","St Kilda",2023,"Away",8.67,6,13,3
"1064","Zaine Cordy","St Kilda",2023,"Home",4.25,1,9,4
"1065","Zak Butters","Port Adelaide",2023,"Away",24,18,27,3
"1066","Zak Butters","Port Adelaide",2023,"Home",24,15,32,4
"1067","Zane Trew","West Coast Eagles",2023,"Away",4.5,0,9,2
